,accuracy,precision,recall,f1
Logistic Regression,0.7733978439860792,0.7285611697776855,0.5710691823899372,0.6370561125344882
Support Vector Machine,0.7577794754265342,0.6963621907215714,0.5484975541579316,0.6126786065042067
Random Forest,0.7538324420677363,0.6735164410058028,0.5744234800838575,0.619564482149918
Gradient Boosting,0.7590442237501062,0.6725202090722819,0.6118099231306778,0.6389381592971869
