Model Name,Accuracy,Precision,Recall,F1
Logistic Regression,0.9193019566367001,0.9424606428054704,0.9666666666666666,0.9541097590309985
Random Forest,0.9030671602326812,0.9384866712235134,0.951851851851852,0.9446144829631068
Gradient Boosting,0.8966684294024325,0.9313497536945812,0.951851851851852,0.9408991008991009
Support Vector Machine,0.8965626652564781,0.9163043624386636,0.9703703703703702,0.942290787027629
